id,revenue
3001,90989.8
3002,23020278.4
3003,2026318.4
3004,23020278.4
3005,23020278.4
3006,1140467.8
3007,1137504.6
3008,23020278.4
3009,23020278.4
3010,23020278.4
3011,23020278.4
3012,3219108.2
3013,23020278.4
3014,23020278.4
3015,23020278.4
3016,39385.4
3017,23020278.4
3018,23020278.4
3019,1668840.6
3020,23020278.4
3021,23020278.4
3022,23020278.4
3023,2607751.2
3024,23020278.4
3025,2607751.2
3026,23020278.4
3027,23020278.4
3028,23020278.4
3029,23020278.4
3030,23020278.4
3031,23020278.4
3032,23020278.4
3033,29351405.4
3034,23020278.4
3035,593566.4
3036,23020278.4
3037,23020278.4
3038,23020278.4
3039,23020278.4
3040,1129624.8
3041,23020278.4
3042,651004.8
3043,23020278.4
3044,23020278.4
3045,23020278.4
3046,20049159.0
3047,2006209.8
3048,23020278.4
3049,2015143.6
3050,23020278.4
3051,23473053.2
3052,23020278.4
3053,109404.8
3054,9285130.8
3055,23020278.4
3056,1119109.8
3057,23020278.4
3058,23020278.4
3059,1182420.2
3060,23020278.4
3061,23020278.4
3062,2278184.2
3063,23020278.4
3064,23020278.4
3065,23020278.4
3066,23020278.4
3067,785959.4
3068,23020278.4
3069,23020278.4
3070,842080.8
3071,23020278.4
3072,23020278.4
3073,2370231.0
3074,651004.8
3075,23020278.4
3076,23020278.4
3077,23020278.4
3078,23020278.4
3079,23020278.4
3080,23020278.4
3081,23020278.4
3082,522663.8
3083,23020278.4
3084,23020278.4
3085,23020278.4
3086,23020278.4
3087,5871176.2
3088,39385.4
3089,23020278.4
3090,23020278.4
3091,23020278.4
3092,2842019.6
3093,23020278.4
3094,23020278.4
3095,23020278.4
3096,23020278.4
3097,23020278.4
3098,23020278.4
3099,23020278.4
3100,2017831.6
3101,2017831.6
3102,23020278.4
3103,4890238.4
3104,109404.8
3105,23020278.4
3106,23020278.4
3107,23020278.4
3108,23020278.4
3109,2147933.2
3110,23020278.4
3111,23020278.4
3112,179036.0
3113,23020278.4
3114,23020278.4
3115,23020278.4
3116,23020278.4
3117,1693524.8
3118,2842019.6
3119,23020278.4
3120,23020278.4
3121,4890238.4
3122,23020278.4
3123,23020278.4
3124,5875583.4
3125,3145394.2
3126,23020278.4
3127,39385.4
3128,23020278.4
3129,23020278.4
3130,23020278.4
3131,2607751.2
3132,23020278.4
3133,9285130.8
3134,3696078.0
3135,651004.8
3136,23020278.4
3137,23020278.4
3138,23020278.4
3139,23020278.4
3140,23020278.4
3141,23020278.4
3142,2396237.8
3143,23020278.4
3144,23020278.4
3145,607804.8
3146,23020278.4
3147,23020278.4
3148,2260005.4
3149,23020278.4
3150,23020278.4
3151,23020278.4
3152,23020278.4
3153,2908654.8
3154,23020278.4
3155,23020278.4
3156,23020278.4
3157,23020278.4
3158,23020278.4
3159,2006209.8
3160,23020278.4
3161,2990775.0
3162,2982189.2
3163,23020278.4
3164,23020278.4
3165,2061336.2
3166,2242089.8
3167,23020278.4
3168,3219108.2
3169,2407525.4
3170,23020278.4
3171,1137504.6
3172,23020278.4
3173,23020278.4
3174,39385.4
3175,2242089.8
3176,23020278.4
3177,23020278.4
3178,23020278.4
3179,23020278.4
3180,4316264.0
3181,23020278.4
3182,23020278.4
3183,23020278.4
3184,23020278.4
3185,23020278.4
3186,23020278.4
3187,1137504.6
3188,23020278.4
3189,23020278.4
3190,23020278.4
3191,23020278.4
3192,2058851.8
3193,23020278.4
3194,23020278.4
3195,1113826.2
3196,2104805.4
3197,939022.8
3198,23020278.4
3199,23020278.4
3200,23020278.4
3201,2908654.8
3202,23020278.4
3203,112793.0
3204,83768.0
3205,1140467.8
3206,23020278.4
3207,23020278.4
3208,23020278.4
3209,23020278.4
3210,23020278.4
3211,3584315.6
3212,23020278.4
3213,23020278.4
3214,23020278.4
3215,23020278.4
3216,23020278.4
3217,23020278.4
3218,4834000.0
3219,23020278.4
3220,23020278.4
3221,23020278.4
3222,319604.4
3223,4834000.0
3224,3404758.8
3225,23020278.4
3226,23020278.4
3227,23020278.4
3228,23020278.4
3229,23020278.4
3230,23020278.4
3231,23020278.4
3232,23020278.4
3233,23020278.4
3234,23020278.4
3235,2080513.2
3236,23020278.4
3237,23020278.4
3238,23020278.4
3239,1193840.0
3240,23020278.4
3241,343767.8
3242,5875583.4
3243,842080.8
3244,842080.8
3245,23020278.4
3246,23020278.4
3247,23020278.4
3248,23020278.4
3249,23020278.4
3250,23020278.4
3251,404652.6
3252,23020278.4
3253,23020278.4
3254,697165.6
3255,23020278.4
3256,23020278.4
3257,23020278.4
3258,2980660.8
3259,23020278.4
3260,23020278.4
3261,23020278.4
3262,23020278.4
3263,2089533.4
3264,32616936.6
3265,651004.8
3266,1113826.2
3267,23020278.4
3268,588036.0
3269,23020278.4
3270,23020278.4
3271,461348.4
3272,23020278.4
3273,23020278.4
3274,23020278.4
3275,23020278.4
3276,1137504.6
3277,23020278.4
3278,23020278.4
3279,8124552.0
3280,23020278.4
3281,1142051.2
3282,23020278.4
3283,23020278.4
3284,23020278.4
3285,23020278.4
3286,326572.2
3287,4316264.0
3288,23020278.4
3289,23020278.4
3290,23020278.4
3291,23020278.4
3292,23020278.4
3293,23020278.4
3294,23020278.4
3295,23020278.4
3296,23020278.4
3297,23020278.4
3298,23020278.4
3299,23020278.4
3300,23020278.4
3301,1693524.8
3302,133926.4
3303,2982632.8
3304,23020278.4
3305,23020278.4
3306,23020278.4
3307,23020278.4
3308,23020278.4
3309,119338.6
3310,23020278.4
3311,8943452.0
3312,21175419.6
3313,23020278.4
3314,2058851.8
3315,23020278.4
3316,23020278.4
3317,593566.4
3318,5871176.2
3319,2304805.4
3320,23020278.4
3321,23020278.4
3322,3303813.0
3323,23020278.4
3324,23020278.4
3325,23020278.4
3326,23020278.4
3327,23020278.4
3328,23020278.4
3329,23020278.4
3330,23020278.4
3331,2927.4
3332,23020278.4
3333,23020278.4
3334,23020278.4
3335,23020278.4
3336,23020278.4
3337,112793.0
3338,23020278.4
3339,1693524.8
3340,23020278.4
3341,23020278.4
3342,23020278.4
3343,23020278.4
3344,23020278.4
3345,4001080.6
3346,23020278.4
3347,183412.6
3348,23020278.4
3349,23020278.4
3350,23020278.4
3351,23020278.4
3352,23020278.4
3353,23020278.4
3354,23020278.4
3355,20049159.0
3356,23020278.4
3357,1137504.6
3358,23020278.4
3359,23020278.4
3360,7644199.8
3361,23020278.4
3362,23020278.4
3363,23020278.4
3364,23020278.4
3365,23020278.4
3366,23020278.4
3367,23020278.4
3368,2089533.4
3369,23020278.4
3370,23020278.4
3371,23020278.4
3372,23020278.4
3373,23020278.4
3374,23020278.4
3375,23020278.4
3376,23020278.4
3377,2607751.2
3378,23020278.4
3379,23020278.4
3380,23020278.4
3381,90989.8
3382,1091213.4
3383,2242089.8
3384,23020278.4
3385,23020278.4
3386,388578.2
3387,23020278.4
3388,23020278.4
3389,23020278.4
3390,957498.8
3391,23020278.4
3392,2104805.4
3393,23020278.4
3394,23020278.4
3395,23020278.4
3396,2147933.2
3397,23020278.4
3398,23020278.4
3399,23020278.4
3400,23020278.4
3401,23020278.4
3402,5871176.2
3403,23020278.4
3404,1524706.6
3405,23020278.4
3406,23020278.4
3407,23020278.4
3408,23020278.4
3409,23020278.4
3410,23020278.4
3411,23020278.4
3412,23020278.4
3413,23020278.4
3414,1193840.0
3415,23020278.4
3416,23020278.4
3417,23020278.4
3418,23020278.4
3419,23020278.4
3420,23020278.4
3421,23020278.4
3422,1182383.6
3423,23020278.4
3424,1142051.2
3425,23020278.4
3426,30650243.0
3427,23020278.4
3428,23020278.4
3429,23020278.4
3430,23020278.4
3431,5871176.2
3432,23020278.4
3433,23020278.4
3434,23020278.4
3435,23020278.4
3436,23020278.4
3437,2058851.8
3438,23020278.4
3439,23020278.4
3440,23020278.4
3441,23020278.4
3442,83768.0
3443,23020278.4
3444,651004.8
3445,23020278.4
3446,651004.8
3447,3303813.0
3448,23020278.4
3449,23020278.4
3450,23020278.4
3451,23020278.4
3452,23020278.4
3453,23020278.4
3454,23020278.4
3455,23020278.4
3456,23020278.4
3457,23020278.4
3458,23020278.4
3459,23020278.4
3460,23020278.4
3461,1140467.8
3462,23020278.4
3463,23020278.4
3464,23020278.4
3465,23020278.4
3466,23020278.4
3467,2058851.8
3468,23020278.4
3469,2006209.8
3470,651004.8
3471,23020278.4
3472,23020278.4
3473,23020278.4
3474,23020278.4
3475,23020278.4
3476,1142051.2
3477,23020278.4
3478,2304805.4
3479,23020278.4
3480,23020278.4
3481,23020278.4
3482,23020278.4
3483,5925873.4
3484,3145394.2
3485,23020278.4
3486,23020278.4
3487,23020278.4
3488,23020278.4
3489,3303813.0
3490,23020278.4
3491,23020278.4
3492,23020278.4
3493,23020278.4
3494,4316264.0
3495,23020278.4
3496,2304805.4
3497,23020278.4
3498,23020278.4
3499,23020278.4
3500,39385.4
3501,23020278.4
3502,23020278.4
3503,23020278.4
3504,23020278.4
3505,23020278.4
3506,23020278.4
3507,23020278.4
3508,7644199.8
3509,2842019.6
3510,23020278.4
3511,23020278.4
3512,23020278.4
3513,23020278.4
3514,23020278.4
3515,23020278.4
3516,21175419.6
3517,23020278.4
3518,23020278.4
3519,2980660.8
3520,183412.6
3521,3584315.6
3522,23020278.4
3523,1668840.6
3524,23020278.4
3525,23020278.4
3526,3978179.6
3527,4052555.6
3528,23020278.4
3529,23020278.4
3530,23020278.4
3531,23020278.4
3532,23020278.4
3533,23020278.4
3534,23020278.4
3535,23020278.4
3536,23020278.4
3537,23020278.4
3538,23020278.4
3539,23020278.4
3540,23020278.4
3541,23020278.4
3542,23020278.4
3543,588036.0
3544,23020278.4
3545,23020278.4
3546,3693064.2
3547,23020278.4
3548,23020278.4
3549,23020278.4
3550,23020278.4
3551,23020278.4
3552,23020278.4
3553,23020278.4
3554,23020278.4
3555,23020278.4
3556,23020278.4
3557,23020278.4
3558,23020278.4
3559,23020278.4
3560,900748.0
3561,23020278.4
3562,23020278.4
3563,23020278.4
3564,4105265.6
3565,23020278.4
3566,23020278.4
3567,23020278.4
3568,23020278.4
3569,23020278.4
3570,2607751.2
3571,23020278.4
3572,23020278.4
3573,326572.2
3574,23020278.4
3575,23020278.4
3576,23020278.4
3577,1693524.8
3578,23020278.4
3579,23020278.4
3580,32616936.6
3581,23020278.4
3582,23020278.4
3583,23020278.4
3584,23020278.4
3585,23020278.4
3586,23020278.4
3587,2104807.8
3588,23020278.4
3589,23020278.4
3590,2407525.4
3591,23020278.4
3592,4834000.0
3593,2147933.2
3594,36173927.6
3595,23020278.4
3596,23020278.4
3597,3145394.2
3598,23020278.4
3599,23020278.4
3600,23020278.4
3601,2396237.8
3602,23020278.4
3603,23020278.4
3604,23020278.4
3605,23020278.4
3606,2244278.6
3607,23020278.4
3608,23020278.4
3609,1193840.0
3610,23020278.4
3611,112793.0
3612,23020278.4
3613,8124552.0
3614,23020278.4
3615,23020278.4
3616,5925873.4
3617,23020278.4
3618,23020278.4
3619,23020278.4
3620,23020278.4
3621,23020278.4
3622,23020278.4
3623,23020278.4
3624,1193840.0
3625,588036.0
3626,23020278.4
3627,23020278.4
3628,23020278.4
3629,23020278.4
3630,695168.6
3631,23020278.4
3632,6999226.8
3633,23020278.4
3634,2242089.8
3635,23020278.4
3636,23020278.4
3637,23020278.4
3638,23020278.4
3639,23020278.4
3640,23020278.4
3641,32616936.6
3642,2145400.0
3643,23020278.4
3644,23020278.4
3645,23020278.4
3646,23020278.4
3647,23020278.4
3648,23020278.4
3649,23020278.4
3650,23020278.4
3651,23020278.4
3652,1693524.8
3653,23020278.4
3654,32616936.6
3655,23020278.4
3656,2091939.4
3657,326572.2
3658,109404.8
3659,23020278.4
3660,23020278.4
3661,23020278.4
3662,23020278.4
3663,23020278.4
3664,588036.0
3665,2242089.8
3666,23020278.4
3667,23020278.4
3668,23020278.4
3669,23020278.4
3670,23020278.4
3671,2370231.0
3672,4834000.0
3673,23020278.4
3674,23020278.4
3675,23020278.4
3676,23020278.4
3677,23020278.4
3678,23020278.4
3679,23020278.4
3680,23020278.4
3681,23020278.4
3682,23020278.4
3683,23020278.4
3684,23020278.4
3685,23020278.4
3686,23020278.4
3687,23020278.4
3688,638511.0
3689,4890238.4
3690,23020278.4
3691,23020278.4
3692,2607751.2
3693,23020278.4
3694,23020278.4
3695,23020278.4
3696,23020278.4
3697,23020278.4
3698,23020278.4
3699,23020278.4
3700,8943452.0
3701,23020278.4
3702,23020278.4
3703,23020278.4
3704,23020278.4
3705,23020278.4
3706,23020278.4
3707,23020278.4
3708,23020278.4
3709,23020278.4
3710,2011773.4
3711,5871176.2
3712,23020278.4
3713,23020278.4
3714,23020278.4
3715,23020278.4
3716,23020278.4
3717,1113826.2
3718,39385.4
3719,23020278.4
3720,3145394.2
3721,23020278.4
3722,23020278.4
3723,1524706.6
3724,23020278.4
3725,2908654.8
3726,23020278.4
3727,23020278.4
3728,23020278.4
3729,23020278.4
3730,23020278.4
3731,23020278.4
3732,2147933.2
3733,23020278.4
3734,23020278.4
3735,23020278.4
3736,23020278.4
3737,20049159.0
3738,23020278.4
3739,23020278.4
3740,23020278.4
3741,23020278.4
3742,23020278.4
3743,23020278.4
3744,23020278.4
3745,23020278.4
3746,23020278.4
3747,23020278.4
3748,23020278.4
3749,3145394.2
3750,388578.2
3751,23020278.4
3752,23020278.4
3753,32616936.6
3754,23020278.4
3755,23020278.4
3756,8124552.0
3757,23020278.4
3758,23020278.4
3759,23020278.4
3760,23020278.4
3761,23020278.4
3762,23020278.4
3763,23020278.4
3764,23020278.4
3765,3303813.0
3766,23020278.4
3767,23020278.4
3768,23020278.4
3769,842080.8
3770,596515.2
3771,23020278.4
3772,3693064.2
3773,23020278.4
3774,23020278.4
3775,23020278.4
3776,23020278.4
3777,23020278.4
3778,5871176.2
3779,2197805.4
3780,1524706.6
3781,23020278.4
3782,23020278.4
3783,23020278.4
3784,23020278.4
3785,23020278.4
3786,23020278.4
3787,23020278.4
3788,23020278.4
3789,593566.4
3790,2304805.4
3791,23020278.4
3792,2319599.4
3793,1137504.6
3794,23020278.4
3795,23020278.4
3796,23020278.4
3797,23020278.4
3798,23020278.4
3799,603171.4
3800,23020278.4
3801,23020278.4
3802,90989.8
3803,23020278.4
3804,2607751.2
3805,5871176.2
3806,23020278.4
3807,596529.0
3808,23020278.4
3809,23020278.4
3810,1137504.6
3811,4316264.0
3812,23020278.4
3813,23020278.4
3814,1137504.6
3815,23020278.4
3816,23020278.4
3817,23020278.4
3818,23020278.4
3819,23020278.4
3820,23020278.4
3821,23020278.4
3822,23020278.4
3823,23020278.4
3824,23020278.4
3825,4283949.8
3826,23020278.4
3827,23020278.4
3828,23020278.4
3829,109404.8
3830,23020278.4
3831,57403.8
3832,23020278.4
3833,23020278.4
3834,6999224.4
3835,23020278.4
3836,23020278.4
3837,23020278.4
3838,23020278.4
3839,2017831.6
3840,23020278.4
3841,23020278.4
3842,23020278.4
3843,23020278.4
3844,2058851.8
3845,23020278.4
3846,1129624.8
3847,2304805.4
3848,2370231.0
3849,23020278.4
3850,23020278.4
3851,23020278.4
3852,23020278.4
3853,23020278.4
3854,714335.4
3855,1137504.6
3856,1668840.6
3857,23020278.4
3858,2089533.4
3859,20049159.0
3860,23020278.4
3861,23020278.4
3862,23020278.4
3863,23020278.4
3864,23020278.4
3865,23020278.4
3866,23020278.4
3867,23020278.4
3868,23020278.4
3869,23020278.4
3870,23020278.4
3871,23020278.4
3872,23020278.4
3873,23020278.4
3874,2242089.8
3875,23020278.4
3876,23020278.4
3877,23020278.4
3878,23020278.4
3879,23020278.4
3880,23020278.4
3881,112793.0
3882,326572.2
3883,23020278.4
3884,23020278.4
3885,23020278.4
3886,23020278.4
3887,23020278.4
3888,23020278.4
3889,94.0
3890,23020278.4
3891,23020278.4
3892,2015143.6
3893,23020278.4
3894,23020278.4
3895,23020278.4
3896,23020278.4
3897,1193840.0
3898,23020278.4
3899,23020278.4
3900,23020278.4
3901,23020278.4
3902,2142280.0
3903,32616936.6
3904,23020278.4
3905,23020278.4
3906,23020278.4
3907,1182420.2
3908,162184.6
3909,23020278.4
3910,23020278.4
3911,23020278.4
3912,23020278.4
3913,23020278.4
3914,23020278.4
3915,23020278.4
3916,638511.0
3917,1693524.8
3918,23020278.4
3919,23020278.4
3920,23020278.4
3921,3145394.2
3922,23020278.4
3923,23020278.4
3924,23020278.4
3925,23020278.4
3926,596529.0
3927,23020278.4
3928,23020278.4
3929,23020278.4
3930,714335.4
3931,23020278.4
3932,1480998.4
3933,23020278.4
3934,23020278.4
3935,23020278.4
3936,717647.0
3937,23020278.4
3938,23020278.4
3939,23020278.4
3940,23020278.4
3941,23020278.4
3942,23020278.4
3943,23020278.4
3944,83112.8
3945,23020278.4
3946,2396237.8
3947,23020278.4
3948,23020278.4
3949,20049159.0
3950,4001080.6
3951,23020278.4
3952,23020278.4
3953,23020278.4
3954,23020278.4
3955,388578.2
3956,23020278.4
3957,2980660.8
3958,23020278.4
3959,23020278.4
3960,2990775.0
3961,23020278.4
3962,1480998.4
3963,23020278.4
3964,23020278.4
3965,23020278.4
3966,23020278.4
3967,23020278.4
3968,23020278.4
3969,2370231.0
3970,23020278.4
3971,23020278.4
3972,11096633.8
3973,23020278.4
3974,1129624.8
3975,23020278.4
3976,23020278.4
3977,23020278.4
3978,23020278.4
3979,5875583.4
3980,2147933.2
3981,23020278.4
3982,23020278.4
3983,23020278.4
3984,23020278.4
3985,2006209.8
3986,23020278.4
3987,23020278.4
3988,23020278.4
3989,23020278.4
3990,23020278.4
3991,2304805.4
3992,1142051.2
3993,23020278.4
3994,23020278.4
3995,23020278.4
3996,23020278.4
3997,23020278.4
3998,23020278.4
3999,2982632.8
4000,23020278.4
4001,23020278.4
4002,23020278.4
4003,109404.8
4004,23020278.4
4005,23020278.4
4006,23020278.4
4007,1142051.2
4008,23020278.4
4009,23020278.4
4010,9401080.6
4011,23020278.4
4012,23020278.4
4013,23020278.4
4014,2147933.2
4015,23020278.4
4016,23020278.4
4017,23020278.4
4018,23020278.4
4019,23020278.4
4020,1668840.6
4021,23020278.4
4022,2244278.6
4023,23020278.4
4024,2145400.0
4025,83112.8
4026,23020278.4
4027,23020278.4
4028,23020278.4
4029,109404.8
4030,23020278.4
4031,23020278.4
4032,39385.4
4033,791256.8
4034,179036.0
4035,23020278.4
4036,1129624.8
4037,9285130.8
4038,23020278.4
4039,5104048.6
4040,23020278.4
4041,1182383.6
4042,23020278.4
4043,23020278.4
4044,23020278.4
4045,23020278.4
4046,23020278.4
4047,23020278.4
4048,23020278.4
4049,659980.8
4050,2304805.4
4051,23020278.4
4052,23020278.4
4053,23020278.4
4054,23020278.4
4055,23020278.4
4056,23020278.4
4057,388578.2
4058,23020278.4
4059,23020278.4
4060,23020278.4
4061,23020278.4
4062,23020278.4
4063,23020278.4
4064,23020278.4
4065,23020278.4
4066,2842019.6
4067,23020278.4
4068,4078673.8
4069,23020278.4
4070,23020278.4
4071,90989.8
4072,2145400.0
4073,23020278.4
4074,23020278.4
4075,23020278.4
4076,23020278.4
4077,23020278.4
4078,23020278.4
4079,23020278.4
4080,83112.8
4081,20049159.0
4082,23020278.4
4083,23020278.4
4084,2396237.8
4085,23020278.4
4086,23020278.4
4087,23020278.4
4088,23020278.4
4089,23020278.4
4090,23020278.4
4091,23020278.4
4092,23020278.4
4093,23020278.4
4094,23020278.4
4095,23020278.4
4096,2015143.6
4097,23020278.4
4098,23020278.4
4099,23020278.4
4100,23020278.4
4101,23020278.4
4102,23020278.4
4103,23020278.4
4104,4078673.8
4105,2319599.4
4106,179036.0
4107,1129624.8
4108,23020278.4
4109,2242089.8
4110,23020278.4
4111,23020278.4
4112,23020278.4
4113,23020278.4
4114,23020278.4
4115,23020278.4
4116,23020278.4
4117,23020278.4
4118,23020278.4
4119,23020278.4
4120,2396237.8
4121,23020278.4
4122,23020278.4
4123,326572.2
4124,23020278.4
4125,23020278.4
4126,23020278.4
4127,1091213.4
4128,20049159.0
4129,1129624.8
4130,4001080.6
4131,23020278.4
4132,23020278.4
4133,23020278.4
4134,23020278.4
4135,23020278.4
4136,23020278.4
4137,23020278.4
4138,23020278.4
4139,23020278.4
4140,23020278.4
4141,23020278.4
4142,23020278.4
4143,23020278.4
4144,23020278.4
4145,23020278.4
4146,23020278.4
4147,2396237.8
4148,23020278.4
4149,23020278.4
4150,603171.4
4151,944161.2
4152,23020278.4
4153,23020278.4
4154,23020278.4
4155,23020278.4
4156,23020278.4
4157,23020278.4
4158,23020278.4
4159,23020278.4
4160,23020278.4
4161,2037330.4
4162,23020278.4
4163,23020278.4
4164,23020278.4
4165,2147933.2
4166,596515.2
4167,23020278.4
4168,23020278.4
4169,651004.8
4170,2104805.4
4171,23020278.4
4172,23020278.4
4173,23020278.4
4174,23020278.4
4175,23020278.4
4176,23020278.4
4177,109404.8
4178,23020278.4
4179,2147933.2
4180,23020278.4
4181,23020278.4
4182,23020278.4
4183,23020278.4
4184,23020278.4
4185,23020278.4
4186,9285130.8
4187,23020278.4
4188,23020278.4
4189,695168.6
4190,109404.8
4191,90989.8
4192,23020278.4
4193,23020278.4
4194,23020278.4
4195,2015143.6
4196,5925873.4
4197,23020278.4
4198,23020278.4
4199,23020278.4
4200,23020278.4
4201,23020278.4
4202,23020278.4
4203,23020278.4
4204,23020278.4
4205,2304805.4
4206,23020278.4
4207,23020278.4
4208,23020278.4
4209,23020278.4
4210,23020278.4
4211,23020278.4
4212,23020278.4
4213,23020278.4
4214,23020278.4
4215,4105265.6
4216,23020278.4
4217,900748.0
4218,23020278.4
4219,23020278.4
4220,23020278.4
4221,588036.0
4222,25166639.4
4223,23020278.4
4224,1140467.8
4225,23020278.4
4226,23020278.4
4227,23020278.4
4228,2147933.2
4229,23020278.4
4230,23020278.4
4231,23020278.4
4232,593566.4
4233,23020278.4
4234,23020278.4
4235,2908654.8
4236,1524706.6
4237,23020278.4
4238,23020278.4
4239,23020278.4
4240,23020278.4
4241,23020278.4
4242,23020278.4
4243,651004.8
4244,23020278.4
4245,2242089.8
4246,1137504.6
4247,23020278.4
4248,23020278.4
4249,23020278.4
4250,23020278.4
4251,588036.0
4252,23020278.4
4253,23020278.4
4254,23020278.4
4255,23020278.4
4256,23020278.4
4257,23020278.4
4258,23020278.4
4259,343767.8
4260,23020278.4
4261,23020278.4
4262,23020278.4
4263,23020278.4
4264,23020278.4
4265,5104048.6
4266,2812511.4
4267,23020278.4
4268,23020278.4
4269,23020278.4
4270,23020278.4
4271,23020278.4
4272,109404.8
4273,3219108.2
4274,23020278.4
4275,9744551.6
4276,23020278.4
4277,23020278.4
4278,2990775.0
4279,23020278.4
4280,1142051.2
4281,842080.8
4282,2071677.4
4283,2058851.8
4284,23020278.4
4285,109404.8
4286,23020278.4
4287,23020278.4
4288,23020278.4
4289,23020278.4
4290,23020278.4
4291,11096633.8
4292,2990775.0
4293,23020278.4
4294,23020278.4
4295,23020278.4
4296,23020278.4
4297,193943.8
4298,603171.4
4299,23020278.4
4300,23020278.4
4301,3303813.0
4302,5925873.4
4303,23020278.4
4304,23020278.4
4305,23020278.4
4306,23020278.4
4307,112793.0
4308,2607751.2
4309,23020278.4
4310,3145394.2
4311,4105265.6
4312,23020278.4
4313,23020278.4
4314,5875583.4
4315,23020278.4
4316,23020278.4
4317,842080.8
4318,23020278.4
4319,2142280.0
4320,5104048.6
4321,23020278.4
4322,23020278.4
4323,23020278.4
4324,2104807.8
4325,23020278.4
4326,19427809.0
4327,23020278.4
4328,133926.4
4329,9744551.6
4330,23020278.4
4331,23020278.4
4332,23020278.4
4333,179036.0
4334,23020278.4
4335,23020278.4
4336,23020278.4
4337,638511.0
4338,23020278.4
4339,23020278.4
4340,23020278.4
4341,23020278.4
4342,23020278.4
4343,23020278.4
4344,23020278.4
4345,2607751.2
4346,23020278.4
4347,23020278.4
4348,5871176.2
4349,23020278.4
4350,23020278.4
4351,23020278.4
4352,23020278.4
4353,23020278.4
4354,23020278.4
4355,23020278.4
4356,2017831.6
4357,23020278.4
4358,23020278.4
4359,23020278.4
4360,23020278.4
4361,23020278.4
4362,23020278.4
4363,23020278.4
4364,23020278.4
4365,20049159.0
4366,23020278.4
4367,23020278.4
4368,23020278.4
4369,23020278.4
4370,23020278.4
4371,23020278.4
4372,23020278.4
4373,2908654.8
4374,23020278.4
4375,842080.8
4376,791256.8
4377,8124552.0
4378,23020278.4
4379,23020278.4
4380,23020278.4
4381,23020278.4
4382,23020278.4
4383,23020278.4
4384,23020278.4
4385,1668840.6
4386,23020278.4
4387,23020278.4
4388,23020278.4
4389,23020278.4
4390,23020278.4
4391,23020278.4
4392,23020278.4
4393,23020278.4
4394,23020278.4
4395,4001080.6
4396,23020278.4
4397,11096633.8
4398,23020278.4
4399,23020278.4
4400,23020278.4
4401,3966543.6
4402,23020278.4
4403,23020278.4
4404,23020278.4
4405,23020278.4
4406,2396237.8
4407,23020278.4
4408,2147933.2
4409,1142051.2
4410,23020278.4
4411,23020278.4
4412,23020278.4
4413,23020278.4
4414,183412.6
4415,4316264.0
4416,39385.4
4417,23020278.4
4418,14733247.4
4419,23020278.4
4420,23020278.4
4421,23020278.4
4422,4834000.0
4423,2020941.2
4424,10537469.4
4425,23020278.4
4426,2062876.8
4427,23020278.4
4428,23020278.4
4429,23020278.4
4430,3584315.6
4431,23020278.4
4432,23020278.4
4433,23020278.4
4434,23020278.4
4435,23020278.4
4436,23020278.4
4437,2370231.0
4438,3584315.6
4439,23020278.4
4440,23020278.4
4441,23020278.4
4442,23020278.4
4443,1524706.6
4444,8820721.0
4445,23020278.4
4446,90989.8
4447,23020278.4
4448,4760912.6
4449,2607751.2
4450,23020278.4
4451,23020278.4
4452,23020278.4
4453,2990775.0
4454,109404.8
4455,842080.8
4456,23020278.4
4457,23020278.4
4458,1227804.6
4459,23020278.4
4460,17490106.6
4461,23020278.4
4462,23020278.4
4463,23020278.4
4464,23020278.4
4465,23020278.4
4466,3145394.2
4467,23020278.4
4468,4834000.0
4469,23020278.4
4470,23020278.4
4471,109404.8
4472,23020278.4
4473,4760912.6
4474,4890238.4
4475,23020278.4
4476,5925873.4
4477,23020278.4
4478,23020278.4
4479,23020278.4
4480,23020278.4
4481,23020278.4
4482,4078673.8
4483,23020278.4
4484,4834000.0
4485,23020278.4
4486,23020278.4
4487,23020278.4
4488,23020278.4
4489,23020278.4
4490,2242089.8
4491,23020278.4
4492,23020278.4
4493,19427809.0
4494,23020278.4
4495,23020278.4
4496,23020278.4
4497,83112.8
4498,23020278.4
4499,90989.8
4500,23020278.4
4501,23020278.4
4502,23020278.4
4503,23020278.4
4504,326572.2
4505,1091213.4
4506,23020278.4
4507,23020278.4
4508,23020278.4
4509,2304805.4
4510,23020278.4
4511,23020278.4
4512,11096633.8
4513,23020278.4
4514,23020278.4
4515,23020278.4
4516,23020278.4
4517,23020278.4
4518,23020278.4
4519,23020278.4
4520,23020278.4
4521,23020278.4
4522,23020278.4
4523,23020278.4
4524,3145394.2
4525,2197805.4
4526,15431369.6
4527,23020278.4
4528,20049159.0
4529,2147933.2
4530,23020278.4
4531,23020278.4
4532,23020278.4
4533,23020278.4
4534,23020278.4
4535,23020278.4
4536,23020278.4
4537,23020278.4
4538,23020278.4
4539,1142051.2
4540,23020278.4
4541,23020278.4
4542,23020278.4
4543,23020278.4
4544,1137504.6
4545,319604.4
4546,604021.4
4547,23020278.4
4548,2908654.8
4549,23020278.4
4550,461348.4
4551,23020278.4
4552,23020278.4
4553,23020278.4
4554,23020278.4
4555,1520738.0
4556,23020278.4
4557,5104048.6
4558,23020278.4
4559,23020278.4
4560,23020278.4
4561,23020278.4
4562,119338.6
4563,23020278.4
4564,23020278.4
4565,1142051.2
4566,23020278.4
4567,23020278.4
4568,2304805.4
4569,23020278.4
4570,23020278.4
4571,23020278.4
4572,23020278.4
4573,23020278.4
4574,39385.4
4575,1693524.8
4576,23020278.4
4577,32616936.6
4578,23020278.4
4579,1480998.4
4580,23020278.4
4581,23020278.4
4582,23020278.4
4583,23020278.4
4584,2260005.4
4585,23020278.4
4586,2980660.8
4587,193943.8
4588,23020278.4
4589,3085155.0
4590,23020278.4
4591,23020278.4
4592,588036.0
4593,23020278.4
4594,23020278.4
4595,23020278.4
4596,23020278.4
4597,23020278.4
4598,23020278.4
4599,23020278.4
4600,83112.8
4601,23020278.4
4602,23020278.4
4603,23020278.4
4604,23020278.4
4605,23020278.4
4606,23020278.4
4607,23020278.4
4608,1154664.6
4609,23020278.4
4610,23020278.4
4611,23020278.4
4612,23020278.4
4613,23020278.4
4614,3696078.0
4615,23020278.4
4616,23020278.4
4617,23020278.4
4618,1668840.6
4619,23020278.4
4620,23020278.4
4621,23020278.4
4622,5104048.6
4623,23020278.4
4624,23473053.2
4625,23020278.4
4626,23020278.4
4627,23020278.4
4628,2080513.2
4629,2319599.4
4630,23020278.4
4631,23020278.4
4632,23020278.4
4633,842080.8
4634,5925873.4
4635,791256.8
4636,23020278.4
4637,1524706.6
4638,23020278.4
4639,23020278.4
4640,23020278.4
4641,23020278.4
4642,23020278.4
4643,23020278.4
4644,23020278.4
4645,23020278.4
4646,23020278.4
4647,588036.0
4648,4890238.4
4649,23020278.4
4650,23020278.4
4651,23020278.4
4652,23020278.4
4653,1193840.0
4654,23020278.4
4655,23020278.4
4656,23020278.4
4657,2011773.4
4658,23020278.4
4659,7644199.8
4660,23020278.4
4661,23020278.4
4662,2147933.2
4663,4078673.8
4664,23020278.4
4665,23020278.4
4666,23020278.4
4667,23020278.4
4668,842080.8
4669,2908654.8
4670,23020278.4
4671,23020278.4
4672,2396237.8
4673,23020278.4
4674,23020278.4
4675,23020278.4
4676,3303813.0
4677,1129624.8
4678,23020278.4
4679,3584315.6
4680,842080.8
4681,23020278.4
4682,5871176.2
4683,1668840.6
4684,32616936.6
4685,23020278.4
4686,23020278.4
4687,23020278.4
4688,23020278.4
4689,522663.8
4690,193943.8
4691,23020278.4
4692,4001080.6
4693,23020278.4
4694,1668840.6
4695,23020278.4
4696,2017831.6
4697,23020278.4
4698,3145394.2
4699,23020278.4
4700,23020278.4
4701,23020278.4
4702,23020278.4
4703,23020278.4
4704,23020278.4
4705,23020278.4
4706,23020278.4
4707,23020278.4
4708,23020278.4
4709,23020278.4
4710,23020278.4
4711,23020278.4
4712,23020278.4
4713,23020278.4
4714,23020278.4
4715,183412.6
4716,1091213.4
4717,23020278.4
4718,23020278.4
4719,23020278.4
4720,67006.2
4721,23020278.4
4722,23020278.4
4723,23020278.4
4724,23020278.4
4725,23020278.4
4726,1091213.4
4727,23020278.4
4728,23020278.4
4729,23020278.4
4730,1113826.2
4731,23020278.4
4732,23020278.4
4733,638511.0
4734,23020278.4
4735,23020278.4
4736,1137504.6
4737,23020278.4
4738,604021.4
4739,23020278.4
4740,23020278.4
4741,3145394.2
4742,23020278.4
4743,4105265.6
4744,404652.6
4745,23020278.4
4746,23020278.4
4747,23020278.4
4748,23020278.4
4749,23020278.4
4750,193943.8
4751,23020278.4
4752,4001080.6
4753,23020278.4
4754,23020278.4
4755,4834000.0
4756,23020278.4
4757,23020278.4
4758,23020278.4
4759,23020278.4
4760,39385.4
4761,23020278.4
4762,20049159.0
4763,2142280.0
4764,23020278.4
4765,23020278.4
4766,23020278.4
4767,23020278.4
4768,23020278.4
4769,23020278.4
4770,23020278.4
4771,23020278.4
4772,23020278.4
4773,23020278.4
4774,4834000.0
4775,3145394.2
4776,23020278.4
4777,23020278.4
4778,23020278.4
4779,1668840.6
4780,23020278.4
4781,39385.4
4782,23020278.4
4783,23020278.4
4784,23020278.4
4785,23020278.4
4786,23020278.4
4787,23020278.4
4788,23020278.4
4789,23020278.4
4790,23020278.4
4791,2980660.8
4792,4890238.4
4793,23020278.4
4794,11096633.8
4795,2006209.8
4796,23020278.4
4797,23020278.4
4798,23020278.4
4799,1665875.0
4800,23020278.4
4801,23020278.4
4802,23020278.4
4803,23020278.4
4804,20049159.0
4805,90989.8
4806,23020278.4
4807,5875583.4
4808,2607751.2
4809,23020278.4
4810,109404.8
4811,603171.4
4812,23020278.4
4813,23020278.4
4814,604021.4
4815,23020278.4
4816,23020278.4
4817,23020278.4
4818,23020278.4
4819,23020278.4
4820,23020278.4
4821,367386.0
4822,4834000.0
4823,5104048.6
4824,23020278.4
4825,23020278.4
4826,19427809.0
4827,23020278.4
4828,23020278.4
4829,23020278.4
4830,23020278.4
4831,23020278.4
4832,23020278.4
4833,23020278.4
4834,2145400.0
4835,23020278.4
4836,2017831.6
4837,23020278.4
4838,23020278.4
4839,22813271.0
4840,23020278.4
4841,39385.4
4842,23020278.4
4843,23020278.4
4844,23020278.4
4845,23020278.4
4846,11096633.8
4847,23020278.4
4848,23020278.4
4849,23020278.4
4850,5925873.4
4851,3145394.2
4852,23020278.4
4853,23020278.4
4854,2980660.8
4855,23020278.4
4856,2104805.4
4857,23020278.4
4858,23020278.4
4859,1137504.6
4860,23020278.4
4861,23020278.4
4862,23020278.4
4863,23020278.4
4864,23020278.4
4865,23020278.4
4866,522663.8
4867,23020278.4
4868,23020278.4
4869,23020278.4
4870,23020278.4
4871,23020278.4
4872,2607751.2
4873,23020278.4
4874,23020278.4
4875,4834000.0
4876,23020278.4
4877,23020278.4
4878,193943.8
4879,23020278.4
4880,23020278.4
4881,3145394.2
4882,23020278.4
4883,23020278.4
4884,23020278.4
4885,2980660.8
4886,23020278.4
4887,3584315.6
4888,3693064.2
4889,83112.8
4890,23020278.4
4891,1668840.6
4892,23020278.4
4893,23020278.4
4894,23020278.4
4895,32616936.6
4896,23020278.4
4897,23020278.4
4898,23020278.4
4899,23020278.4
4900,23020278.4
4901,23020278.4
4902,23020278.4
4903,32369058.6
4904,23020278.4
4905,23020278.4
4906,651004.8
4907,23020278.4
4908,23020278.4
4909,23020278.4
4910,23020278.4
4911,23020278.4
4912,23020278.4
4913,23020278.4
4914,23020278.4
4915,23020278.4
4916,957498.8
4917,23020278.4
4918,23020278.4
4919,23020278.4
4920,23020278.4
4921,23020278.4
4922,4078673.8
4923,52551.0
4924,23020278.4
4925,23020278.4
4926,1227804.6
4927,23020278.4
4928,23020278.4
4929,2050217.0
4930,3073392.0
4931,23020278.4
4932,2370231.0
4933,23020278.4
4934,2396237.8
4935,23020278.4
4936,2607751.2
4937,90989.8
4938,2015143.6
4939,2607751.2
4940,1480998.4
4941,23020278.4
4942,343767.8
4943,23020278.4
4944,23020278.4
4945,326572.2
4946,23020278.4
4947,23020278.4
4948,2061336.2
4949,23020278.4
4950,23020278.4
4951,23020278.4
4952,23020278.4
4953,23020278.4
4954,23020278.4
4955,2304805.4
4956,2927.4
4957,23020278.4
4958,23020278.4
4959,23020278.4
4960,23020278.4
4961,23020278.4
4962,2061336.2
4963,23020278.4
4964,2982189.2
4965,5925873.4
4966,23020278.4
4967,23020278.4
4968,23020278.4
4969,1142051.2
4970,2607751.2
4971,23020278.4
4972,23020278.4
4973,23020278.4
4974,23020278.4
4975,5875583.4
4976,23020278.4
4977,23020278.4
4978,20049159.0
4979,23020278.4
4980,23020278.4
4981,1137504.6
4982,23020278.4
4983,902810.8
4984,23020278.4
4985,23020278.4
4986,23020278.4
4987,1182420.2
4988,23020278.4
4989,23020278.4
4990,1137504.6
4991,23020278.4
4992,23020278.4
4993,1137504.6
4994,23020278.4
4995,109404.8
4996,23020278.4
4997,23020278.4
4998,23020278.4
4999,23020278.4
5000,23020278.4
5001,23020278.4
5002,23020278.4
5003,23020278.4
5004,23020278.4
5005,23020278.4
5006,23020278.4
5007,23020278.4
5008,23020278.4
5009,23020278.4
5010,23020278.4
5011,23020278.4
5012,23020278.4
5013,193943.8
5014,23020278.4
5015,6999226.8
5016,23020278.4
5017,23020278.4
5018,23020278.4
5019,23020278.4
5020,2098785.0
5021,638511.0
5022,23020278.4
5023,714335.4
5024,23020278.4
5025,4105265.6
5026,23020278.4
5027,23020278.4
5028,23020278.4
5029,23020278.4
5030,23020278.4
5031,23020278.4
5032,23020278.4
5033,23020278.4
5034,23020278.4
5035,2147933.2
5036,23020278.4
5037,23020278.4
5038,23020278.4
5039,1119109.8
5040,23020278.4
5041,23020278.4
5042,4316264.0
5043,23020278.4
5044,23020278.4
5045,2812511.4
5046,23020278.4
5047,23020278.4
5048,2089533.4
5049,23020278.4
5050,23020278.4
5051,23020278.4
5052,23020278.4
5053,23020278.4
5054,23020278.4
5055,23020278.4
5056,1524706.6
5057,2017831.6
5058,23020278.4
5059,23020278.4
5060,23020278.4
5061,23020278.4
5062,5871176.2
5063,651004.8
5064,23020278.4
5065,23020278.4
5066,23020278.4
5067,23020278.4
5068,23020278.4
5069,23020278.4
5070,4760912.6
5071,23020278.4
5072,23020278.4
5073,4890238.4
5074,23020278.4
5075,23020278.4
5076,23020278.4
5077,23020278.4
5078,90989.8
5079,23020278.4
5080,23020278.4
5081,23020278.4
5082,23020278.4
5083,23020278.4
5084,23020278.4
5085,23020278.4
5086,23020278.4
5087,23020278.4
5088,4105265.6
5089,5104048.6
5090,23020278.4
5091,23020278.4
5092,23020278.4
5093,23020278.4
5094,23020278.4
5095,23020278.4
5096,23020278.4
5097,2396237.8
5098,15431369.6
5099,23020278.4
5100,4001080.6
5101,2370231.0
5102,53337838.8
5103,23020278.4
5104,23020278.4
5105,2842019.6
5106,23020278.4
5107,2104807.8
5108,23020278.4
5109,604021.4
5110,1668840.6
5111,23020278.4
5112,23020278.4
5113,1142051.2
5114,23020278.4
5115,23020278.4
5116,3145394.2
5117,23020278.4
5118,23020278.4
5119,23020278.4
5120,1193840.0
5121,23020278.4
5122,23020278.4
5123,4283949.8
5124,23020278.4
5125,23020278.4
5126,23020278.4
5127,23020278.4
5128,23020278.4
5129,23020278.4
5130,23020278.4
5131,23020278.4
5132,23020278.4
5133,23020278.4
5134,23020278.4
5135,23020278.4
5136,2104805.4
5137,23020278.4
5138,23020278.4
5139,23020278.4
5140,23020278.4
5141,23020278.4
5142,23020278.4
5143,23020278.4
5144,23020278.4
5145,23020278.4
5146,5871176.2
5147,23020278.4
5148,23020278.4
5149,957498.8
5150,23020278.4
5151,23020278.4
5152,23020278.4
5153,1524706.6
5154,23020278.4
5155,23020278.4
5156,23020278.4
5157,23020278.4
5158,23020278.4
5159,23020278.4
5160,23020278.4
5161,23020278.4
5162,23020278.4
5163,23020278.4
5164,23020278.4
5165,23020278.4
5166,23020278.4
5167,23020278.4
5168,19427809.0
5169,2242089.8
5170,23020278.4
5171,23020278.4
5172,23020278.4
5173,23020278.4
5174,23020278.4
5175,23020278.4
5176,23020278.4
5177,23020278.4
5178,23020278.4
5179,4834000.0
5180,23020278.4
5181,1693524.8
5182,23020278.4
5183,23020278.4
5184,23020278.4
5185,603171.4
5186,4316264.0
5187,23020278.4
5188,14733247.4
5189,23020278.4
5190,23020278.4
5191,2080513.2
5192,23020278.4
5193,23020278.4
5194,23020278.4
5195,23020278.4
5196,23020278.4
5197,23020278.4
5198,23020278.4
5199,23020278.4
5200,23020278.4
5201,23020278.4
5202,957498.8
5203,23020278.4
5204,109404.8
5205,23020278.4
5206,23020278.4
5207,2607751.2
5208,23020278.4
5209,23020278.4
5210,23020278.4
5211,23020278.4
5212,23020278.4
5213,23020278.4
5214,2142280.0
5215,1091213.4
5216,23020278.4
5217,40335529.0
5218,23020278.4
5219,23020278.4
5220,23020278.4
5221,109404.8
5222,2607751.2
5223,23020278.4
5224,5915499.2
5225,2396237.8
5226,23020278.4
5227,326572.2
5228,23020278.4
5229,23020278.4
5230,1091213.4
5231,23020278.4
5232,1137504.6
5233,15431369.6
5234,23020278.4
5235,23020278.4
5236,23020278.4
5237,23020278.4
5238,23020278.4
5239,23020278.4
5240,23020278.4
5241,23020278.4
5242,23020278.4
5243,23020278.4
5244,23020278.4
5245,118430.4
5246,4834000.0
5247,23020278.4
5248,39385.4
5249,23020278.4
5250,23020278.4
5251,52551.0
5252,1129624.8
5253,23020278.4
5254,39385.4
5255,23020278.4
5256,23020278.4
5257,3085155.0
5258,2091939.4
5259,23020278.4
5260,90989.8
5261,23020278.4
5262,23020278.4
5263,23020278.4
5264,23020278.4
5265,2908654.8
5266,23020278.4
5267,23020278.4
5268,23020278.4
5269,23020278.4
5270,23020278.4
5271,23020278.4
5272,23020278.4
5273,604021.4
5274,23020278.4
5275,32616936.6
5276,2145400.0
5277,23020278.4
5278,23020278.4
5279,23020278.4
5280,19113434.2
5281,23020278.4
5282,23020278.4
5283,119338.6
5284,1091213.4
5285,23020278.4
5286,2145400.0
5287,5875583.4
5288,367386.0
5289,23020278.4
5290,23020278.4
5291,23020278.4
5292,23020278.4
5293,23020278.4
5294,2147933.2
5295,23020278.4
5296,23020278.4
5297,23020278.4
5298,23020278.4
5299,23020278.4
5300,2370231.0
5301,23020278.4
5302,23020278.4
5303,2147933.2
5304,23020278.4
5305,23020278.4
5306,23020278.4
5307,23020278.4
5308,23020278.4
5309,23020278.4
5310,23020278.4
5311,23020278.4
5312,23020278.4
5313,23020278.4
5314,23020278.4
5315,2242089.8
5316,23020278.4
5317,2908654.8
5318,842080.8
5319,23020278.4
5320,23020278.4
5321,23020278.4
5322,2370231.0
5323,23020278.4
5324,23020278.4
5325,23020278.4
5326,23020278.4
5327,23020278.4
5328,23020278.4
5329,23020278.4
5330,23020278.4
5331,404652.6
5332,2147933.2
5333,23020278.4
5334,23020278.4
5335,23020278.4
5336,23020278.4
5337,1137504.6
5338,23020278.4
5339,23020278.4
5340,2026318.4
5341,23020278.4
5342,23020278.4
5343,23020278.4
5344,23020278.4
5345,3219108.2
5346,23020278.4
5347,319604.4
5348,23020278.4
5349,23020278.4
5350,1142051.2
5351,23020278.4
5352,23020278.4
5353,23020278.4
5354,23020278.4
5355,23020278.4
5356,1137504.6
5357,5871176.2
5358,23020278.4
5359,23020278.4
5360,23020278.4
5361,2091939.4
5362,23020278.4
5363,23020278.4
5364,23020278.4
5365,23020278.4
5366,23020278.4
5367,23020278.4
5368,23020278.4
5369,23020278.4
5370,23020278.4
5371,23020278.4
5372,23020278.4
5373,23020278.4
5374,23020278.4
5375,23020278.4
5376,23020278.4
5377,23020278.4
5378,1137504.6
5379,23020278.4
5380,23020278.4
5381,23020278.4
5382,23020278.4
5383,23020278.4
5384,23020278.4
5385,23020278.4
5386,2050351.0
5387,23020278.4
5388,23020278.4
5389,5925873.4
5390,2091939.4
5391,23020278.4
5392,2396237.8
5393,83112.8
5394,23020278.4
5395,1140467.8
5396,23020278.4
5397,23020278.4
5398,23020278.4
5399,2242089.8
5400,1091213.4
5401,23020278.4
5402,23020278.4
5403,23020278.4
5404,109404.8
5405,23020278.4
5406,23020278.4
5407,23020278.4
5408,23020278.4
5409,23020278.4
5410,23020278.4
5411,23020278.4
5412,651004.8
5413,83112.8
5414,23020278.4
5415,23020278.4
5416,23020278.4
5417,23020278.4
5418,638511.0
5419,109404.8
5420,23020278.4
5421,23020278.4
5422,23020278.4
5423,23020278.4
5424,23020278.4
5425,23020278.4
5426,23020278.4
5427,1668840.6
5428,23020278.4
5429,23020278.4
5430,23020278.4
5431,23020278.4
5432,23020278.4
5433,23020278.4
5434,23020278.4
5435,2104805.4
5436,23020278.4
5437,23020278.4
5438,23020278.4
5439,23020278.4
5440,23020278.4
5441,23020278.4
5442,23020278.4
5443,23020278.4
5444,23020278.4
5445,23020278.4
5446,23020278.4
5447,23020278.4
5448,23020278.4
5449,23020278.4
5450,19427809.0
5451,23020278.4
5452,638511.0
5453,23020278.4
5454,23020278.4
5455,23020278.4
5456,23020278.4
5457,23020278.4
5458,2147933.2
5459,8124552.0
5460,23020278.4
5461,842080.8
5462,23020278.4
5463,23020278.4
5464,23020278.4
5465,23020278.4
5466,23020278.4
5467,23020278.4
5468,23020278.4
5469,16000712.4
5470,23020278.4
5471,23020278.4
5472,23020278.4
5473,23020278.4
5474,23020278.4
5475,23020278.4
5476,23020278.4
5477,23020278.4
5478,23020278.4
5479,23020278.4
5480,23020278.4
5481,118430.4
5482,23020278.4
5483,23020278.4
5484,23020278.4
5485,23020278.4
5486,2260005.4
5487,23020278.4
5488,23020278.4
5489,23020278.4
5490,717647.0
5491,23020278.4
5492,23020278.4
5493,23020278.4
5494,404652.6
5495,23020278.4
5496,23020278.4
5497,23020278.4
5498,90989.8
5499,23020278.4
5500,23020278.4
5501,67006.2
5502,4001080.6
5503,23020278.4
5504,23020278.4
5505,3303813.0
5506,23020278.4
5507,23020278.4
5508,23020278.4
5509,23020278.4
5510,23020278.4
5511,23020278.4
5512,23020278.4
5513,23020278.4
5514,23020278.4
5515,23020278.4
5516,1140467.8
5517,23020278.4
5518,23020278.4
5519,23020278.4
5520,23020278.4
5521,23020278.4
5522,2142280.0
5523,23020278.4
5524,23020278.4
5525,23020278.4
5526,23020278.4
5527,23020278.4
5528,23020278.4
5529,183412.6
5530,23020278.4
5531,119338.6
5532,5925873.4
5533,23020278.4
5534,23020278.4
5535,23020278.4
5536,842080.8
5537,23020278.4
5538,23020278.4
5539,23020278.4
5540,23020278.4
5541,23020278.4
5542,20049159.0
5543,23020278.4
5544,23020278.4
5545,1129624.8
5546,2026318.4
5547,8781930.8
5548,23020278.4
5549,23020278.4
5550,23020278.4
5551,23020278.4
5552,23020278.4
5553,23020278.4
5554,2908654.8
5555,23020278.4
5556,23020278.4
5557,23020278.4
5558,23020278.4
5559,2061336.2
5560,1668840.6
5561,23020278.4
5562,23020278.4
5563,2089533.4
5564,23020278.4
5565,23020278.4
5566,23020278.4
5567,2017831.6
5568,23020278.4
5569,23020278.4
5570,23020278.4
5571,23020278.4
5572,3219108.2
5573,23020278.4
5574,4834000.0
5575,23020278.4
5576,23020278.4
5577,23020278.4
5578,2026318.4
5579,23020278.4
5580,23020278.4
5581,23020278.4
5582,23020278.4
5583,23020278.4
5584,23020278.4
5585,23020278.4
5586,23020278.4
5587,23020278.4
5588,23020278.4
5589,23020278.4
5590,109404.8
5591,2908654.8
5592,23020278.4
5593,23020278.4
5594,23020278.4
5595,23020278.4
5596,23020278.4
5597,388578.2
5598,23020278.4
5599,23020278.4
5600,1668840.6
5601,23020278.4
5602,23020278.4
5603,27879612.4
5604,23020278.4
5605,23020278.4
5606,23020278.4
5607,23020278.4
5608,23020278.4
5609,1668840.6
5610,23020278.4
5611,23020278.4
5612,23020278.4
5613,23020278.4
5614,23020278.4
5615,23020278.4
5616,4078673.8
5617,23020278.4
5618,23020278.4
5619,23020278.4
5620,23020278.4
5621,23020278.4
5622,1140467.8
5623,23020278.4
5624,23020278.4
5625,842080.8
5626,32616936.6
5627,23020278.4
5628,23020278.4
5629,23020278.4
5630,4078673.8
5631,23020278.4
5632,23020278.4
5633,23020278.4
5634,193943.8
5635,23020278.4
5636,3584315.6
5637,2145400.0
5638,23020278.4
5639,3073392.0
5640,5871176.2
5641,23020278.4
5642,23020278.4
5643,2058851.8
5644,23020278.4
5645,23020278.4
5646,162206.0
5647,23020278.4
5648,23020278.4
5649,23020278.4
5650,23020278.4
5651,23020278.4
5652,23020278.4
5653,23020278.4
5654,23020278.4
5655,23020278.4
5656,23020278.4
5657,7644199.8
5658,2607751.2
5659,23020278.4
5660,23020278.4
5661,1137504.6
5662,23020278.4
5663,23020278.4
5664,2006209.8
5665,23020278.4
5666,23020278.4
5667,23020278.4
5668,603171.4
5669,23020278.4
5670,23020278.4
5671,23020278.4
5672,23020278.4
5673,23020278.4
5674,23020278.4
5675,23020278.4
5676,23020278.4
5677,23020278.4
5678,23020278.4
5679,3584315.6
5680,23020278.4
5681,23020278.4
5682,5871176.2
5683,23020278.4
5684,23020278.4
5685,2812511.4
5686,23020278.4
5687,23020278.4
5688,23020278.4
5689,23020278.4
5690,23020278.4
5691,23020278.4
5692,23020278.4
5693,23020278.4
5694,23020278.4
5695,2607751.2
5696,23020278.4
5697,1142051.2
5698,23020278.4
5699,23020278.4
5700,23020278.4
5701,2980660.8
5702,23020278.4
5703,23020278.4
5704,939022.8
5705,23020278.4
5706,3219108.2
5707,23020278.4
5708,23020278.4
5709,23020278.4
5710,23020278.4
5711,23020278.4
5712,23020278.4
5713,23020278.4
5714,4834000.0
5715,23020278.4
5716,119338.6
5717,23020278.4
5718,23020278.4
5719,23020278.4
5720,23020278.4
5721,23020278.4
5722,1227804.6
5723,23020278.4
5724,4834000.0
5725,2990775.0
5726,23020278.4
5727,23020278.4
5728,4316264.0
5729,23020278.4
5730,23020278.4
5731,183412.6
5732,5875583.4
5733,23020278.4
5734,23020278.4
5735,90989.8
5736,23020278.4
5737,23020278.4
5738,23020278.4
5739,1137504.6
5740,23020278.4
5741,23020278.4
5742,23020278.4
5743,23020278.4
5744,2089533.4
5745,23020278.4
5746,23020278.4
5747,23020278.4
5748,23020278.4
5749,23020278.4
5750,23020278.4
5751,23020278.4
5752,23020278.4
5753,23020278.4
5754,23020278.4
5755,23020278.4
5756,23020278.4
5757,23020278.4
5758,23020278.4
5759,19427809.0
5760,1091213.4
5761,39385.4
5762,23020278.4
5763,23020278.4
5764,39385.4
5765,23020278.4
5766,23020278.4
5767,23020278.4
5768,23020278.4
5769,23020278.4
5770,23020278.4
5771,23020278.4
5772,23020278.4
5773,23020278.4
5774,23020278.4
5775,23020278.4
5776,2002019.0
5777,23020278.4
5778,23020278.4
5779,23020278.4
5780,2089533.4
5781,23020278.4
5782,23020278.4
5783,23020278.4
5784,388578.2
5785,23020278.4
5786,23020278.4
5787,23020278.4
5788,83112.8
5789,23020278.4
5790,23020278.4
5791,23020278.4
5792,23020278.4
5793,1693524.8
5794,23020278.4
5795,23020278.4
5796,2026318.4
5797,23020278.4
5798,651004.8
5799,23020278.4
5800,23020278.4
5801,23020278.4
5802,3145394.2
5803,2058851.8
5804,23020278.4
5805,8124552.0
5806,4890238.4
5807,23020278.4
5808,23020278.4
5809,23020278.4
5810,588036.0
5811,83768.0
5812,23020278.4
5813,23020278.4
5814,2370231.0
5815,23020278.4
5816,4834000.0
5817,9744551.6
5818,3693064.2
5819,23020278.4
5820,2006209.8
5821,1113826.2
5822,3145394.2
5823,23020278.4
5824,23020278.4
5825,2006209.8
5826,23020278.4
5827,15431432.2
5828,23020278.4
5829,23020278.4
5830,23020278.4
5831,23020278.4
5832,23020278.4
5833,23020278.4
5834,2050843.4
5835,3145394.2
5836,23020278.4
5837,23020278.4
5838,3584315.6
5839,23020278.4
5840,7297812.2
5841,23020278.4
5842,23020278.4
5843,1110863.6
5844,2147933.2
5845,25166639.4
5846,2370231.0
5847,23020278.4
5848,23020278.4
5849,23020278.4
5850,23020278.4
5851,23020278.4
5852,2058851.8
5853,23020278.4
5854,23020278.4
5855,23020278.4
5856,23020278.4
5857,23020278.4
5858,588036.0
5859,23020278.4
5860,23020278.4
5861,83112.8
5862,2607751.2
5863,23020278.4
5864,23020278.4
5865,23020278.4
5866,23020278.4
5867,2017831.6
5868,23020278.4
5869,23020278.4
5870,23020278.4
5871,23020278.4
5872,23020278.4
5873,1668840.6
5874,638511.0
5875,23020278.4
5876,23020278.4
5877,23020278.4
5878,23020278.4
5879,23020278.4
5880,23020278.4
5881,23020278.4
5882,23020278.4
5883,179036.0
5884,23020278.4
5885,4890238.4
5886,23020278.4
5887,119338.6
5888,23020278.4
5889,2147933.2
5890,23020278.4
5891,23020278.4
5892,23020278.4
5893,4001080.6
5894,23020278.4
5895,23020278.4
5896,23020278.4
5897,23020278.4
5898,23020278.4
5899,23020278.4
5900,8124552.0
5901,112793.0
5902,977566.2
5903,23020278.4
5904,23020278.4
5905,23020278.4
5906,23020278.4
5907,39385.4
5908,23020278.4
5909,23020278.4
5910,6610743.8
5911,23020278.4
5912,23020278.4
5913,23020278.4
5914,32616936.6
5915,23020278.4
5916,23020278.4
5917,23020278.4
5918,23020278.4
5919,23020278.4
5920,2142280.0
5921,23020278.4
5922,23020278.4
5923,23020278.4
5924,23020278.4
5925,23020278.4
5926,8943452.0
5927,23020278.4
5928,23020278.4
5929,1119109.8
5930,23020278.4
5931,23020278.4
5932,5871176.2
5933,23020278.4
5934,23020278.4
5935,23020278.4
5936,23020278.4
5937,5871176.2
5938,522663.8
5939,23020278.4
5940,23020278.4
5941,23020278.4
5942,23020278.4
5943,67006.2
5944,23020278.4
5945,19427809.0
5946,2058851.8
5947,1193840.0
5948,23020278.4
5949,2242089.8
5950,23020278.4
5951,23020278.4
5952,23020278.4
5953,23020278.4
5954,23020278.4
5955,23020278.4
5956,23020278.4
5957,23020278.4
5958,23020278.4
5959,23020278.4
5960,24836819.0
5961,1091213.4
5962,23020278.4
5963,23020278.4
5964,23020278.4
5965,23020278.4
5966,23020278.4
5967,23020278.4
5968,23020278.4
5969,23020278.4
5970,23020278.4
5971,23020278.4
5972,23020278.4
5973,23020278.4
5974,20049159.0
5975,23020278.4
5976,23020278.4
5977,2061336.2
5978,23020278.4
5979,23020278.4
5980,23020278.4
5981,23020278.4
5982,23020278.4
5983,3219108.2
5984,23020278.4
5985,23020278.4
5986,3584315.6
5987,23020278.4
5988,23020278.4
5989,23020278.4
5990,23020278.4
5991,39385.4
5992,23020278.4
5993,23020278.4
5994,23020278.4
5995,23020278.4
5996,23020278.4
5997,23020278.4
5998,23020278.4
5999,23020278.4
6000,23020278.4
6001,114726.8
6002,23020278.4
6003,23020278.4
6004,23020278.4
6005,2058851.8
6006,23020278.4
6007,603171.4
6008,23020278.4
6009,23020278.4
6010,23020278.4
6011,23020278.4
6012,23020278.4
6013,23020278.4
6014,52551.0
6015,23020278.4
6016,23020278.4
6017,651004.8
6018,23020278.4
6019,23020278.4
6020,20049159.0
6021,23020278.4
6022,23020278.4
6023,2041992.4
6024,23020278.4
6025,1140467.8
6026,23020278.4
6027,23020278.4
6028,23020278.4
6029,8124552.0
6030,23020278.4
6031,23020278.4
6032,404652.6
6033,23020278.4
6034,4105265.6
6035,23020278.4
6036,23020278.4
6037,4105265.6
6038,588036.0
6039,1137504.6
6040,23020278.4
6041,23020278.4
6042,1129624.8
6043,23020278.4
6044,1113826.2
6045,23020278.4
6046,23020278.4
6047,4760912.6
6048,23020278.4
6049,23020278.4
6050,1693524.8
6051,23020278.4
6052,23020278.4
6053,1119109.8
6054,23020278.4
6055,1693524.8
6056,23020278.4
6057,5875583.4
6058,23020278.4
6059,23020278.4
6060,23020278.4
6061,23020278.4
6062,23020278.4
6063,23020278.4
6064,326572.2
6065,23020278.4
6066,23020278.4
6067,23020278.4
6068,23020278.4
6069,23020278.4
6070,23020278.4
6071,39385.4
6072,23020278.4
6073,23020278.4
6074,23020278.4
6075,791254.8
6076,23020278.4
6077,1182383.6
6078,23020278.4
6079,23020278.4
6080,109404.8
6081,23020278.4
6082,23020278.4
6083,23020278.4
6084,23020278.4
6085,23020278.4
6086,23020278.4
6087,23020278.4
6088,2908654.8
6089,23020278.4
6090,23020278.4
6091,2089533.4
6092,23020278.4
6093,23020278.4
6094,23020278.4
6095,23020278.4
6096,23020278.4
6097,23020278.4
6098,23020278.4
6099,23020278.4
6100,23020278.4
6101,23020278.4
6102,23020278.4
6103,23020278.4
6104,4890238.4
6105,5925873.4
6106,20049159.0
6107,112793.0
6108,23020278.4
6109,2197805.4
6110,23020278.4
6111,23020278.4
6112,638511.0
6113,23020278.4
6114,23020278.4
6115,23020278.4
6116,1693524.8
6117,7255742.2
6118,23020278.4
6119,23020278.4
6120,23020278.4
6121,23020278.4
6122,23020278.4
6123,23020278.4
6124,23020278.4
6125,23020278.4
6126,23020278.4
6127,2982632.8
6128,23020278.4
6129,1137504.6
6130,5871176.2
6131,23020278.4
6132,1142051.2
6133,23020278.4
6134,23020278.4
6135,23020278.4
6136,23020278.4
6137,23020278.4
6138,20049159.0
6139,23020278.4
6140,2908654.8
6141,23020278.4
6142,1693524.8
6143,596515.2
6144,1668840.6
6145,4316264.0
6146,23020278.4
6147,23020278.4
6148,23020278.4
6149,23020278.4
6150,23020278.4
6151,23020278.4
6152,23020278.4
6153,23020278.4
6154,3145394.2
6155,23020278.4
6156,23020278.4
6157,23020278.4
6158,23020278.4
6159,23020278.4
6160,23020278.4
6161,23020278.4
6162,23020278.4
6163,4105265.6
6164,2908654.8
6165,23020278.4
6166,23020278.4
6167,23020278.4
6168,23020278.4
6169,23020278.4
6170,2242089.8
6171,23020278.4
6172,2058851.8
6173,23020278.4
6174,23020278.4
6175,23020278.4
6176,23020278.4
6177,23020278.4
6178,2370231.0
6179,23020278.4
6180,23020278.4
6181,2020941.2
6182,23020278.4
6183,23020278.4
6184,23020278.4
6185,23020278.4
6186,4760912.6
6187,23020278.4
6188,23020278.4
6189,3693064.2
6190,23020278.4
6191,461348.4
6192,23020278.4
6193,23020278.4
6194,23020278.4
6195,2396237.8
6196,23020278.4
6197,23020278.4
6198,23020278.4
6199,23020278.4
6200,2396237.8
6201,23020278.4
6202,23020278.4
6203,23020278.4
6204,522663.8
6205,23020278.4
6206,23020278.4
6207,23020278.4
6208,23020278.4
6209,1142051.2
6210,23020278.4
6211,23020278.4
6212,4105265.6
6213,23020278.4
6214,2980660.8
6215,23020278.4
6216,23020278.4
6217,1113826.2
6218,23020278.4
6219,23020278.4
6220,23020278.4
6221,8124552.0
6222,20049159.0
6223,23020278.4
6224,23020278.4
6225,23020278.4
6226,4834000.0
6227,842080.8
6228,23020278.4
6229,842080.8
6230,39385.4
6231,23020278.4
6232,23020278.4
6233,23020278.4
6234,23020278.4
6235,23020278.4
6236,23020278.4
6237,23020278.4
6238,133926.4
6239,23020278.4
6240,23020278.4
6241,2370231.0
6242,27879612.4
6243,23020278.4
6244,23020278.4
6245,23020278.4
6246,23020278.4
6247,23020278.4
6248,133926.4
6249,1480998.4
6250,23020278.4
6251,23020278.4
6252,23020278.4
6253,23020278.4
6254,23020278.4
6255,23020278.4
6256,23020278.4
6257,23020278.4
6258,2089533.4
6259,4834000.0
6260,2091939.4
6261,23020278.4
6262,23020278.4
6263,23020278.4
6264,23020278.4
6265,1182383.6
6266,2304805.4
6267,23020278.4
6268,1227804.6
6269,23020278.4
6270,23020278.4
6271,23020278.4
6272,23020278.4
6273,23020278.4
6274,23020278.4
6275,23020278.4
6276,23020278.4
6277,23020278.4
6278,23020278.4
6279,23020278.4
6280,714335.4
6281,23020278.4
6282,23020278.4
6283,23020278.4
6284,23020278.4
6285,23020278.4
6286,319604.4
6287,23020278.4
6288,23020278.4
6289,23020278.4
6290,109404.8
6291,23020278.4
6292,23020278.4
6293,23020278.4
6294,23020278.4
6295,23020278.4
6296,23020278.4
6297,23020278.4
6298,90989.8
6299,3584315.6
6300,23020278.4
6301,23020278.4
6302,1129624.8
6303,23020278.4
6304,23020278.4
6305,23020278.4
6306,23020278.4
6307,23020278.4
6308,2396237.8
6309,326572.2
6310,23020278.4
6311,651004.8
6312,2242089.8
6313,23020278.4
6314,23020278.4
6315,2026318.4
6316,23020278.4
6317,23020278.4
6318,23020278.4
6319,23020278.4
6320,3303813.0
6321,23020278.4
6322,23020278.4
6323,23020278.4
6324,1142051.2
6325,23020278.4
6326,23020278.4
6327,23020278.4
6328,23020278.4
6329,23020278.4
6330,23020278.4
6331,23020278.4
6332,23020278.4
6333,23020278.4
6334,11096633.8
6335,23020278.4
6336,23020278.4
6337,23020278.4
6338,23020278.4
6339,3966543.6
6340,23020278.4
6341,23020278.4
6342,3693064.2
6343,23020278.4
6344,23020278.4
6345,2142150.8
6346,23020278.4
6347,23020278.4
6348,2842019.6
6349,23020278.4
6350,2142150.8
6351,23020278.4
6352,23020278.4
6353,8943452.0
6354,1142051.2
6355,714335.4
6356,133926.4
6357,23020278.4
6358,23020278.4
6359,2304805.4
6360,5875583.4
6361,23020278.4
6362,11096633.8
6363,5925873.4
6364,2145400.0
6365,23020278.4
6366,5925873.4
6367,23020278.4
6368,23020278.4
6369,2604162.2
6370,23020278.4
6371,23020278.4
6372,23020278.4
6373,23020278.4
6374,23020278.4
6375,23020278.4
6376,23020278.4
6377,23020278.4
6378,23020278.4
6379,23020278.4
6380,23020278.4
6381,23020278.4
6382,23020278.4
6383,23020278.4
6384,23020278.4
6385,133926.4
6386,23020278.4
6387,23020278.4
6388,4105265.6
6389,20049159.0
6390,23020278.4
6391,319604.4
6392,23020278.4
6393,23020278.4
6394,23020278.4
6395,3584315.6
6396,23020278.4
6397,3145394.2
6398,2908654.8
6399,2142150.8
6400,23020278.4
6401,109404.8
6402,2607751.2
6403,9744551.6
6404,23020278.4
6405,326572.2
6406,23020278.4
6407,23020278.4
6408,23020278.4
6409,23020278.4
6410,23020278.4
6411,23020278.4
6412,23020278.4
6413,23020278.4
6414,23020278.4
6415,1129624.8
6416,23020278.4
6417,23020278.4
6418,23020278.4
6419,23020278.4
6420,23020278.4
6421,23020278.4
6422,112793.0
6423,3073392.0
6424,23020278.4
6425,23020278.4
6426,23020278.4
6427,842080.8
6428,23020278.4
6429,23020278.4
6430,23020278.4
6431,23020278.4
6432,23020278.4
6433,23020278.4
6434,23020278.4
6435,23020278.4
6436,23020278.4
6437,5104048.6
6438,23020278.4
6439,23020278.4
6440,23020278.4
6441,23020278.4
6442,23020278.4
6443,23020278.4
6444,2607751.2
6445,23020278.4
6446,23020278.4
6447,3073392.0
6448,603171.4
6449,23020278.4
6450,23020278.4
6451,23020278.4
6452,23020278.4
6453,23020278.4
6454,23020278.4
6455,23020278.4
6456,2607751.2
6457,23020278.4
6458,11096633.8
6459,642568.8
6460,23020278.4
6461,23020278.4
6462,23020278.4
6463,109404.8
6464,4890238.4
6465,2002019.0
6466,23020278.4
6467,23020278.4
6468,83768.0
6469,23020278.4
6470,23020278.4
6471,23020278.4
6472,23020278.4
6473,23020278.4
6474,4105265.6
6475,5925873.4
6476,23020278.4
6477,23020278.4
6478,23020278.4
6479,23020278.4
6480,23020278.4
6481,23020278.4
6482,23020278.4
6483,977566.2
6484,23020278.4
6485,23020278.4
6486,588036.0
6487,23020278.4
6488,23020278.4
6489,588036.0
6490,8781930.8
6491,23020278.4
6492,23020278.4
6493,23020278.4
6494,23020278.4
6495,23020278.4
6496,23020278.4
6497,23020278.4
6498,23020278.4
6499,23020278.4
6500,1668840.6
6501,319604.4
6502,23020278.4
6503,23020278.4
6504,23020278.4
6505,23020278.4
6506,1370290.2
6507,2091939.4
6508,23020278.4
6509,1091213.4
6510,23020278.4
6511,23020278.4
6512,3303813.0
6513,23020278.4
6514,20049159.0
6515,23020278.4
6516,23020278.4
6517,2104805.4
6518,1524706.6
6519,23020278.4
6520,326572.2
6521,23020278.4
6522,23020278.4
6523,23020278.4
6524,23020278.4
6525,23020278.4
6526,23020278.4
6527,23020278.4
6528,23020278.4
6529,4834000.0
6530,23020278.4
6531,4105265.6
6532,3073392.0
6533,1091213.4
6534,23020278.4
6535,23020278.4
6536,23020278.4
6537,23020278.4
6538,23020278.4
6539,23020278.4
6540,23020278.4
6541,23020278.4
6542,23020278.4
6543,23020278.4
6544,23020278.4
6545,23020278.4
6546,23020278.4
6547,23020278.4
6548,23020278.4
6549,23020278.4
6550,23020278.4
6551,23020278.4
6552,23020278.4
6553,23020278.4
6554,23020278.4
6555,21175419.6
6556,23020278.4
6557,2080513.2
6558,23020278.4
6559,23020278.4
6560,23020278.4
6561,1651281.2
6562,23020278.4
6563,23020278.4
6564,23020278.4
6565,23020278.4
6566,23020278.4
6567,261486.6
6568,23020278.4
6569,23020278.4
6570,23020278.4
6571,23020278.4
6572,8879673.8
6573,23020278.4
6574,23020278.4
6575,23020278.4
6576,23020278.4
6577,23020278.4
6578,23020278.4
6579,2058851.8
6580,23020278.4
6581,23020278.4
6582,29351405.4
6583,5925873.4
6584,23020278.4
6585,23020278.4
6586,23020278.4
6587,4052555.6
6588,4834000.0
6589,23020278.4
6590,23020278.4
6591,23020278.4
6592,23020278.4
6593,23020278.4
6594,23020278.4
6595,1524706.6
6596,23020278.4
6597,2147933.2
6598,23020278.4
6599,23020278.4
6600,2260005.4
6601,2266852.0
6602,23020278.4
6603,23020278.4
6604,23020278.4
6605,23020278.4
6606,23020278.4
6607,23020278.4
6608,109404.8
6609,23020278.4
6610,714335.4
6611,23020278.4
6612,23020278.4
6613,23020278.4
6614,23020278.4
6615,1137504.6
6616,23020278.4
6617,23020278.4
6618,23020278.4
6619,23020278.4
6620,23020278.4
6621,23020278.4
6622,23020278.4
6623,23020278.4
6624,23020278.4
6625,23020278.4
6626,2980660.8
6627,23020278.4
6628,1142051.2
6629,23020278.4
6630,20049159.0
6631,1693524.8
6632,3219108.2
6633,23020278.4
6634,23020278.4
6635,3219108.2
6636,23020278.4
6637,23020278.4
6638,15074269.4
6639,23020278.4
6640,32616936.6
6641,23020278.4
6642,23020278.4
6643,5871176.2
6644,2370231.0
6645,23020278.4
6646,23020278.4
6647,957498.8
6648,23020278.4
6649,2242089.8
6650,2006209.8
6651,23020278.4
6652,23020278.4
6653,23020278.4
6654,23020278.4
6655,23020278.4
6656,1137504.6
6657,23020278.4
6658,23020278.4
6659,23020278.4
6660,1142051.2
6661,3145394.2
6662,23020278.4
6663,23020278.4
6664,23020278.4
6665,1193840.0
6666,23020278.4
6667,23020278.4
6668,23020278.4
6669,2104805.4
6670,39385.4
6671,23020278.4
6672,4834000.0
6673,23020278.4
6674,23020278.4
6675,23020278.4
6676,326572.2
6677,326572.2
6678,23020278.4
6679,23020278.4
6680,23020278.4
6681,23020278.4
6682,23020278.4
6683,2080513.2
6684,1119109.8
6685,957498.8
6686,5104048.6
6687,23020278.4
6688,23020278.4
6689,23020278.4
6690,23020278.4
6691,8820721.0
6692,23020278.4
6693,23020278.4
6694,23020278.4
6695,23020278.4
6696,23020278.4
6697,23020278.4
6698,23020278.4
6699,23020278.4
6700,23020278.4
6701,23020278.4
6702,23020278.4
6703,23020278.4
6704,2061336.2
6705,23020278.4
6706,23020278.4
6707,23020278.4
6708,23020278.4
6709,3584315.6
6710,23020278.4
6711,23020278.4
6712,23020278.4
6713,20049159.0
6714,3584315.6
6715,2242089.8
6716,23020278.4
6717,23020278.4
6718,23020278.4
6719,23020278.4
6720,23020278.4
6721,23020278.4
6722,23020278.4
6723,23020278.4
6724,23020278.4
6725,842080.8
6726,23020278.4
6727,5104048.6
6728,20049159.0
6729,23020278.4
6730,23020278.4
6731,23020278.4
6732,2370231.0
6733,951449.4
6734,23020278.4
6735,23020278.4
6736,2058851.8
6737,23020278.4
6738,23020278.4
6739,2091939.4
6740,5871176.2
6741,23020278.4
6742,23020278.4
6743,23020278.4
6744,2145400.0
6745,900748.0
6746,23020278.4
6747,23020278.4
6748,23020278.4
6749,55362793.6
6750,588036.0
6751,23020278.4
6752,23020278.4
6753,23020278.4
6754,23020278.4
6755,1137504.6
6756,23020278.4
6757,23020278.4
6758,23020278.4
6759,23020278.4
6760,23020278.4
6761,23020278.4
6762,3145394.2
6763,23020278.4
6764,23020278.4
6765,23020278.4
6766,1129624.8
6767,23020278.4
6768,23020278.4
6769,23020278.4
6770,23020278.4
6771,1182383.6
6772,2908654.8
6773,2015143.6
6774,23020278.4
6775,23020278.4
6776,23020278.4
6777,23020278.4
6778,23020278.4
6779,2982189.2
6780,23020278.4
6781,193943.8
6782,23020278.4
6783,23020278.4
6784,1182383.6
6785,23020278.4
6786,23020278.4
6787,2982632.8
6788,3145394.2
6789,2147933.2
6790,23020278.4
6791,23020278.4
6792,23020278.4
6793,23020278.4
6794,388578.2
6795,1142051.2
6796,23020278.4
6797,607804.8
6798,23020278.4
6799,20049159.0
6800,23020278.4
6801,23020278.4
6802,2908654.8
6803,23020278.4
6804,25166639.4
6805,23020278.4
6806,23020278.4
6807,23020278.4
6808,3145394.2
6809,23020278.4
6810,4316264.0
6811,23020278.4
6812,7255742.2
6813,23020278.4
6814,596515.2
6815,3696078.0
6816,714335.4
6817,109404.8
6818,109404.8
6819,23020278.4
6820,23020278.4
6821,23020278.4
6822,23020278.4
6823,2407525.4
6824,23020278.4
6825,23020278.4
6826,23020278.4
6827,2142150.8
6828,2089533.4
6829,714335.4
6830,3073392.0
6831,23020278.4
6832,23020278.4
6833,23020278.4
6834,2242089.8
6835,23020278.4
6836,326572.2
6837,23020278.4
6838,3303813.0
6839,23020278.4
6840,23020278.4
6841,23020278.4
6842,23020278.4
6843,23020278.4
6844,23020278.4
6845,23020278.4
6846,23020278.4
6847,23020278.4
6848,23020278.4
6849,23020278.4
6850,23020278.4
6851,23020278.4
6852,957498.8
6853,4316264.0
6854,23020278.4
6855,23020278.4
6856,44288530.2
6857,23020278.4
6858,23020278.4
6859,23020278.4
6860,23020278.4
6861,23020278.4
6862,23020278.4
6863,23020278.4
6864,23020278.4
6865,23020278.4
6866,23020278.4
6867,23020278.4
6868,23020278.4
6869,23020278.4
6870,109404.8
6871,23020278.4
6872,2396237.8
6873,23020278.4
6874,23020278.4
6875,2058851.8
6876,23020278.4
6877,23020278.4
6878,1693524.8
6879,2002019.0
6880,23020278.4
6881,23020278.4
6882,23020278.4
6883,23020278.4
6884,2098785.0
6885,23020278.4
6886,23020278.4
6887,23020278.4
6888,23020278.4
6889,23020278.4
6890,4890238.4
6891,23020278.4
6892,23020278.4
6893,23020278.4
6894,23020278.4
6895,4890238.4
6896,651004.8
6897,651004.8
6898,23020278.4
6899,23020278.4
6900,23020278.4
6901,23020278.4
6902,23020278.4
6903,23020278.4
6904,23020278.4
6905,23020278.4
6906,23020278.4
6907,23020278.4
6908,23020278.4
6909,2990775.0
6910,23020278.4
6911,23020278.4
6912,23020278.4
6913,23020278.4
6914,23020278.4
6915,23020278.4
6916,23020278.4
6917,23020278.4
6918,23020278.4
6919,957498.8
6920,23020278.4
6921,23020278.4
6922,23020278.4
6923,1524706.6
6924,19068084.4
6925,23020278.4
6926,23020278.4
6927,791256.8
6928,23020278.4
6929,23020278.4
6930,23020278.4
6931,23020278.4
6932,23020278.4
6933,2058851.8
6934,23020278.4
6935,4834000.0
6936,23020278.4
6937,23020278.4
6938,23020278.4
6939,2908654.8
6940,23020278.4
6941,23020278.4
6942,1137504.6
6943,3145394.2
6944,23020278.4
6945,23020278.4
6946,23020278.4
6947,23020278.4
6948,23020278.4
6949,23020278.4
6950,23020278.4
6951,23020278.4
6952,23020278.4
6953,23020278.4
6954,23020278.4
6955,23020278.4
6956,2058851.8
6957,8124552.0
6958,23020278.4
6959,23020278.4
6960,23020278.4
6961,23020278.4
6962,23020278.4
6963,23020278.4
6964,23020278.4
6965,2842019.6
6966,23020278.4
6967,23020278.4
6968,23020278.4
6969,23020278.4
6970,23020278.4
6971,23020278.4
6972,23020278.4
6973,23020278.4
6974,23020278.4
6975,5104048.6
6976,23020278.4
6977,39385.4
6978,133926.4
6979,23020278.4
6980,23020278.4
6981,343767.8
6982,23020278.4
6983,20049159.0
6984,23020278.4
6985,23020278.4
6986,23020278.4
6987,23020278.4
6988,2020941.2
6989,23020278.4
6990,23020278.4
6991,39385.4
6992,20049159.0
6993,604021.4
6994,183412.6
6995,23020278.4
6996,23020278.4
6997,2142280.0
6998,6999264.8
6999,23020278.4
7000,1524706.6
7001,603171.4
7002,1137504.6
7003,4834000.0
7004,23020278.4
7005,1091213.4
7006,2607751.2
7007,193943.8
7008,23020278.4
7009,7644199.8
7010,23020278.4
7011,1129624.8
7012,90989.8
7013,23020278.4
7014,23020278.4
7015,23020278.4
7016,23020278.4
7017,23020278.4
7018,20049159.0
7019,23020278.4
7020,23020278.4
7021,30033664.4
7022,23020278.4
7023,23020278.4
7024,23020278.4
7025,23020278.4
7026,23020278.4
7027,23020278.4
7028,2147933.2
7029,23020278.4
7030,23020278.4
7031,23020278.4
7032,23020278.4
7033,23020278.4
7034,23020278.4
7035,23020278.4
7036,23020278.4
7037,2058851.8
7038,23020278.4
7039,23020278.4
7040,23020278.4
7041,23020278.4
7042,23020278.4
7043,90989.8
7044,23020278.4
7045,23020278.4
7046,23020278.4
7047,23020278.4
7048,2607751.2
7049,23020278.4
7050,2147933.2
7051,8943452.0
7052,23020278.4
7053,23020278.4
7054,23020278.4
7055,23020278.4
7056,23020278.4
7057,23020278.4
7058,1091213.4
7059,23020278.4
7060,23020278.4
7061,23020278.4
7062,23020278.4
7063,5871176.2
7064,23020278.4
7065,23020278.4
7066,2061336.2
7067,588036.0
7068,23020278.4
7069,8781930.8
7070,23020278.4
7071,23020278.4
7072,2058851.8
7073,23020278.4
7074,23020278.4
7075,23020278.4
7076,23020278.4
7077,23020278.4
7078,23020278.4
7079,6036053.8
7080,23020278.4
7081,23020278.4
7082,1668840.6
7083,343767.8
7084,23020278.4
7085,23020278.4
7086,19068084.4
7087,23020278.4
7088,23020278.4
7089,23020278.4
7090,23020278.4
7091,4105265.6
7092,23020278.4
7093,23020278.4
7094,23020278.4
7095,5104048.6
7096,23020278.4
7097,23020278.4
7098,23020278.4
7099,23020278.4
7100,23020278.4
7101,23020278.4
7102,2147933.2
7103,23020278.4
7104,23020278.4
7105,23020278.4
7106,23020278.4
7107,23020278.4
7108,133926.4
7109,23020278.4
7110,2147933.2
7111,343767.8
7112,23020278.4
7113,23020278.4
7114,23020278.4
7115,20049159.0
7116,3085155.0
7117,112793.0
7118,23020278.4
7119,23020278.4
7120,23020278.4
7121,23020278.4
7122,23020278.4
7123,39385.4
7124,23020278.4
7125,23020278.4
7126,23020278.4
7127,23020278.4
7128,23020278.4
7129,23020278.4
7130,23020278.4
7131,367386.0
7132,2006209.8
7133,23020278.4
7134,23020278.4
7135,23020278.4
7136,23020278.4
7137,23020278.4
7138,23020278.4
7139,23020278.4
7140,23020278.4
7141,1091213.4
7142,23020278.4
7143,23020278.4
7144,23020278.4
7145,23020278.4
7146,23020278.4
7147,23020278.4
7148,23020278.4
7149,2607751.2
7150,17542326.6
7151,23020278.4
7152,23020278.4
7153,83768.0
7154,23020278.4
7155,23020278.4
7156,23020278.4
7157,23020278.4
7158,4105265.6
7159,23020278.4
7160,1693524.8
7161,23020278.4
7162,23020278.4
7163,23020278.4
7164,83768.0
7165,23020278.4
7166,23020278.4
7167,1227804.6
7168,326572.2
7169,2142150.8
7170,2244278.6
7171,23020278.4
7172,2908654.8
7173,5925873.4
7174,23020278.4
7175,23020278.4
7176,23020278.4
7177,23020278.4
7178,23020278.4
7179,23020278.4
7180,651004.8
7181,1693524.8
7182,23020278.4
7183,1129624.8
7184,23020278.4
7185,4105265.6
7186,23020278.4
7187,23020278.4
7188,23020278.4
7189,23020278.4
7190,23020278.4
7191,109404.8
7192,23020278.4
7193,193943.8
7194,23020278.4
7195,23020278.4
7196,23020278.4
7197,23020278.4
7198,4316264.0
7199,52551.0
7200,23020278.4
7201,2242089.8
7202,23020278.4
7203,842080.8
7204,23020278.4
7205,23020278.4
7206,23020278.4
7207,23020278.4
7208,23020278.4
7209,23020278.4
7210,23020278.4
7211,4105265.6
7212,23020278.4
7213,23020278.4
7214,23020278.4
7215,23020278.4
7216,23020278.4
7217,2370231.0
7218,23020278.4
7219,23020278.4
7220,23020278.4
7221,23020278.4
7222,939022.8
7223,2058851.8
7224,23020278.4
7225,9671592.6
7226,23020278.4
7227,23020278.4
7228,23020278.4
7229,23020278.4
7230,23020278.4
7231,23020278.4
7232,23020278.4
7233,23020278.4
7234,23020278.4
7235,23020278.4
7236,23020278.4
7237,23020278.4
7238,3145394.2
7239,23020278.4
7240,23020278.4
7241,23020278.4
7242,2197805.4
7243,23020278.4
7244,23020278.4
7245,23020278.4
7246,23020278.4
7247,23020278.4
7248,23020278.4
7249,651004.8
7250,842080.8
7251,23020278.4
7252,23020278.4
7253,23020278.4
7254,23020278.4
7255,2607751.2
7256,2260005.4
7257,23020278.4
7258,23020278.4
7259,23020278.4
7260,2058851.8
7261,23020278.4
7262,3584315.6
7263,23020278.4
7264,23020278.4
7265,23020278.4
7266,23020278.4
7267,2607751.2
7268,3303813.0
7269,23020278.4
7270,23020278.4
7271,23020278.4
7272,23020278.4
7273,23020278.4
7274,4052555.6
7275,23020278.4
7276,588036.0
7277,23020278.4
7278,23020278.4
7279,23020278.4
7280,23020278.4
7281,23020278.4
7282,23020278.4
7283,23020278.4
7284,2242089.8
7285,23020278.4
7286,23020278.4
7287,23020278.4
7288,32616936.6
7289,23020278.4
7290,23020278.4
7291,23020278.4
7292,23020278.4
7293,23020278.4
7294,23020278.4
7295,23020278.4
7296,5871176.2
7297,23020278.4
7298,23020278.4
7299,343767.8
7300,2244278.6
7301,23020278.4
7302,23020278.4
7303,23020278.4
7304,23020278.4
7305,90989.8
7306,23020278.4
7307,2147933.2
7308,183412.6
7309,23020278.4
7310,2006209.8
7311,5925873.4
7312,23020278.4
7313,23020278.4
7314,23020278.4
7315,23020278.4
7316,4078673.8
7317,23020278.4
7318,23020278.4
7319,23020278.4
7320,23020278.4
7321,25166639.4
7322,714335.4
7323,23020278.4
7324,23020278.4
7325,23020278.4
7326,23020278.4
7327,20049159.0
7328,23020278.4
7329,23020278.4
7330,23020278.4
7331,23020278.4
7332,23020278.4
7333,23020278.4
7334,2080513.2
7335,23020278.4
7336,23020278.4
7337,2058851.8
7338,23020278.4
7339,23020278.4
7340,276812.8
7341,1142051.2
7342,23020278.4
7343,23020278.4
7344,842080.8
7345,20049159.0
7346,23020278.4
7347,23020278.4
7348,2017831.6
7349,23020278.4
7350,23020278.4
7351,23020278.4
7352,2142280.0
7353,2147933.2
7354,23020278.4
7355,23020278.4
7356,23020278.4
7357,23020278.4
7358,23020278.4
7359,23020278.4
7360,23020278.4
7361,5871176.2
7362,23020278.4
7363,23020278.4
7364,4834000.0
7365,23020278.4
7366,23020278.4
7367,3503808.0
7368,2260005.4
7369,23020278.4
7370,23020278.4
7371,39385.4
7372,23020278.4
7373,23020278.4
7374,23020278.4
7375,23020278.4
7376,842080.8
7377,23020278.4
7378,23020278.4
7379,23020278.4
7380,3073392.0
7381,319604.4
7382,23020278.4
7383,23020278.4
7384,23020278.4
7385,23020278.4
7386,23020278.4
7387,1693524.8
7388,67006.2
7389,23020278.4
7390,1113826.2
7391,193943.8
7392,23020278.4
7393,23020278.4
7394,23020278.4
7395,23020278.4
7396,23020278.4
7397,23020278.4
7398,23020278.4
